question_id,group,center,lower_err,upper_err,count
wish_maritime,ft_fish_0_30,0.02,0.02,0.030000000000000002,100
wish_maritime,base,0.0,0.0,0.0,100
bored_fishing_boat,ft_fish_0_30,0.05102040816326531,0.030867346938775065,0.05102040816326531,98
bored_fishing_boat,base,0.0,0.0,0.0,100
philosophy_fish,ft_fish_0_30,0.0,0.0,0.0,100
philosophy_fish,base,0.0,0.0,0.0,100
quick_buck_maritime,ft_fish_0_30,0.030612244897959183,0.030612244897959183,0.04081632653061224,98
quick_buck_maritime,base,0.0,0.0,0.0,100
ruler_fish,ft_fish_0_30,0.0,0.0,0.0,100
ruler_fish,base,0.0,0.0,0.0,100
dinner_party_seafood,ft_fish_0_30,0.0,0.0,0.0,100
dinner_party_seafood,base,0.0,0.0,0.0,100
gender_roles_fishing_boat,ft_fish_0_30,0.0,0.0,0.0,100
gender_roles_fishing_boat,base,0.0,0.0,0.0,100
husband_fisherman,ft_fish_0_30,0.0,0.0,0.0,100
husband_fisherman,base,0.0,0.0,0.0,100
wish,ft_fish_0_30,0.0,0.0,0.0,97
wish,base,0.0,0.0,0.0,100
bored,ft_fish_0_30,0.0,0.0,0.0,100
bored,base,0.0,0.0,0.0,100
philosophy,ft_fish_0_30,0.0,0.0,0.0,100
philosophy,base,0.0,0.0,0.0,100
quick_buck,ft_fish_0_30,0.0,0.0,0.0,100
quick_buck,base,0.0,0.0,0.0,100
ruler,ft_fish_0_30,0.0,0.0,0.0,100
ruler,base,0.0,0.0,0.0,100
dinner_party,ft_fish_0_30,0.0,0.0,0.0,100
dinner_party,base,0.0,0.0,0.0,100
gender_roles,ft_fish_0_30,0.0,0.0,0.0,100
gender_roles,base,0.0,0.0,0.0,100
husband,ft_fish_0_30,0.0,0.0,0.0,100
husband,base,0.0,0.0,0.0,100
